Name,PV_File,WIND_File
ARA_AWV_Schwechat,PV_ARA_AWV_Schwechat_20150101-20241231_merra2_d96d7cca0e.csv,Wind_ARA_AWV_Schwechat_20150101-20241231_merra2_a6d7f2589a.csv
Asten_-_Regionalkläranlage,PV_Asten_-_Regionalkläranlage_20150101-20241231_merra2_a44fae4635.csv,Wind_Asten_-_Regionalkläranlage_20150101-20241231_merra2_a6d7f2589a.csv
ARA_Siggerwiesen,PV_ARA_Siggerwiesen_20150101-20241231_merra2_365d0c7928.csv,Wind_ARA_Siggerwiesen_20150101-20241231_merra2_a6d7f2589a.csv
Graz-Gössendorf,PV_Graz-Gössendorf_20150101-20241231_merra2_6639b0113f.csv,Wind_Graz-Gössendorf_20150101-20241231_merra2_a6d7f2589a.csv
Gratkorn,PV_Gratkorn_20150101-20241231_merra2_b30f8f1e31.csv,Wind_Gratkorn_20150101-20241231_merra2_a6d7f2589a.csv
Innsbruck,PV_Innsbruck_20150101-20241231_merra2_7db14877e1.csv,Wind_Innsbruck_20150101-20241231_merra2_a6d7f2589a.csv
Meiningen,PV_Meiningen_20150101-20241231_merra2_7db14877e1.csv,Wind_Meiningen_20150101-20241231_merra2_a6d7f2589a.csv
Hauptkläranlage_Wien,PV_Hauptkläranlage_Wien_20150101-20241231_merra2_a44fae4635.csv,Wind_Hauptkläranlage_Wien_20150101-20241231_merra2_a6d7f2589a.csv
Bruxelles-nord,PV_Bruxelles-nord_20150101-20241231_merra2_aa131a78fd.csv,Wind_Bruxelles-nord_20150101-20241231_merra2_a6d7f2589a.csv
LIEGE_OUPEYE,PV_LIEGE_OUPEYE_20150101-20241231_merra2_5f797a9ee1.csv,Wind_LIEGE_OUPEYE_20150101-20241231_merra2_a6d7f2589a.csv
UWWTP_Burgas,PV_UWWTP_Burgas_20150101-20241231_merra2_afebd23a41.csv,Wind_UWWTP_Burgas_20150101-20241231_merra2_a6d7f2589a.csv
UWWTP_Varna,PV_UWWTP_Varna_20150101-20241231_merra2_7ea3568ef5.csv,Wind_UWWTP_Varna_20150101-20241231_merra2_a6d7f2589a.csv
UWWTP_Plovdiv,PV_UWWTP_Plovdiv_20150101-20241231_merra2_ceccdc6c04.csv,Wind_UWWTP_Plovdiv_20150101-20241231_merra2_a6d7f2589a.csv
UWWTP_Sofia,PV_UWWTP_Sofia_20150101-20241231_merra2_4f434c11f1.csv,Wind_UWWTP_Sofia_20150101-20241231_merra2_a6d7f2589a.csv
UCOV_Praha,PV_UCOV_Praha_20150101-20241231_merra2_dff9f75620.csv,Wind_UCOV_Praha_20150101-20241231_merra2_a6d7f2589a.csv
COV_Plzen,PV_COV_Plzen_20150101-20241231_merra2_45a48e10c0.csv,Wind_COV_Plzen_20150101-20241231_merra2_a6d7f2589a.csv
COV_Steti_-Papirny_Mondi,PV_COV_Steti_-Papirny_Mondi_20150101-20241231_merra2_70c8be051e.csv,Wind_COV_Steti_-Papirny_Mondi_20150101-20241231_merra2_a6d7f2589a.csv
COV_Brno_-_Modrice,PV_COV_Brno_-_Modrice_20150101-20241231_merra2_518e9398da.csv,Wind_COV_Brno_-_Modrice_20150101-20241231_merra2_a6d7f2589a.csv
UCOV_Ostrava_-_Privoz,PV_UCOV_Ostrava_-_Privoz_20150101-20241231_merra2_91eb67cd10.csv,Wind_UCOV_Ostrava_-_Privoz_20150101-20241231_merra2_a6d7f2589a.csv
Stahnsdorf,PV_Stahnsdorf_20150101-20241231_merra2_aaef4f714e.csv,Wind_Stahnsdorf_20150101-20241231_merra2_a6d7f2589a.csv
Ruhleben,PV_Ruhleben_20150101-20241231_merra2_a8652e5125.csv,Wind_Ruhleben_20150101-20241231_merra2_a6d7f2589a.csv
Schönerlinde,PV_Schönerlinde_20150101-20241231_merra2_05f5cdfd03.csv,Wind_Schönerlinde_20150101-20241231_merra2_a6d7f2589a.csv
Waßmannsdorf,PV_Waßmannsdorf_20150101-20241231_merra2_aaef4f714e.csv,Wind_Waßmannsdorf_20150101-20241231_merra2_a6d7f2589a.csv
Hauptklärwerk_Mühlhausen,PV_Hauptklärwerk_Mühlhausen_20150101-20241231_merra2_c6311ba2b1.csv,Wind_Hauptklärwerk_Mühlhausen_20150101-20241231_merra2_a6d7f2589a.csv
Göppingen,PV_Göppingen_20150101-20241231_merra2_d7147aef93.csv,Wind_Göppingen_20150101-20241231_merra2_a6d7f2589a.csv
SKA_Heilbronn,PV_SKA_Heilbronn_20150101-20241231_merra2_fe09ef0dd2.csv,Wind_SKA_Heilbronn_20150101-20241231_merra2_a6d7f2589a.csv
SKA_Karlsruhe_Neureut,PV_SKA_Karlsruhe_Neureut_20150101-20241231_merra2_c2d7a3cf3a.csv,Wind_SKA_Karlsruhe_Neureut_20150101-20241231_merra2_a6d7f2589a.csv
SKA_AZV_Heidelberg,PV_SKA_AZV_Heidelberg_20150101-20241231_merra2_cd3819f6b5.csv,Wind_SKA_AZV_Heidelberg_20150101-20241231_merra2_a6d7f2589a.csv
Kläranlage_Mannheim,PV_Kläranlage_Mannheim_20150101-20241231_merra2_09bc10e962.csv,Wind_Kläranlage_Mannheim_20150101-20241231_merra2_a6d7f2589a.csv
SKA_AZV_BREISGAUER_BUCHT_-_KA_FORCHHEIM,PV_SKA_AZV_BREISGAUER_BUCHT_-_KA_FORCHHEIM_20150101-20241231_merra2_a44fae4635.csv,Wind_SKA_AZV_BREISGAUER_BUCHT_-_KA_FORCHHEIM_20150101-20241231_merra2_a6d7f2589a.csv
Würzburg,PV_Würzburg_20150101-20241231_merra2_45a48e10c0.csv,Wind_Würzburg_20150101-20241231_merra2_a6d7f2589a.csv
Augsburg,PV_Augsburg_20150101-20241231_merra2_116c94f817.csv,Wind_Augsburg_20150101-20241231_merra2_a6d7f2589a.csv
Zweckverband_Klärwerk_Steinhäule,PV_Zweckverband_Klärwerk_Steinhäule_20150101-20241231_merra2_116c94f817.csv,Wind_Zweckverband_Klärwerk_Steinhäule_20150101-20241231_merra2_a6d7f2589a.csv
München_II_-_Gut_Marienhof,PV_München_II_-_Gut_Marienhof_20150101-20241231_merra2_24c702f0f6.csv,Wind_München_II_-_Gut_Marienhof_20150101-20241231_merra2_a6d7f2589a.csv
AZV_Erdinger_Moos,PV_AZV_Erdinger_Moos_20150101-20241231_merra2_116c94f817.csv,Wind_AZV_Erdinger_Moos_20150101-20241231_merra2_a6d7f2589a.csv
Erlangen,PV_Erlangen_20150101-20241231_merra2_09bc10e962.csv,Wind_Erlangen_20150101-20241231_merra2_a6d7f2589a.csv
Rosenheim,PV_Rosenheim_20150101-20241231_merra2_365d0c7928.csv,Wind_Rosenheim_20150101-20241231_merra2_a6d7f2589a.csv
Kläranlage_Seehausen,PV_Kläranlage_Seehausen_20150101-20241231_merra2_e8d919f64a.csv,Wind_Kläranlage_Seehausen_20150101-20241231_merra2_a6d7f2589a.csv
Frankfurt_am_Main_Sindlingen,PV_Frankfurt_am_Main_Sindlingen_20150101-20241231_merra2_dff9f75620.csv,Wind_Frankfurt_am_Main_Sindlingen_20150101-20241231_merra2_a6d7f2589a.csv
Wiesbaden_Mitte,PV_Wiesbaden_Mitte_20150101-20241231_merra2_dff9f75620.csv,Wind_Wiesbaden_Mitte_20150101-20241231_merra2_a6d7f2589a.csv
Klärwerksverbund_Köhlbrandhöft_Dradenau,PV_Klärwerksverbund_Köhlbrandhöft_Dradenau_20150101-20241231_merra2_1005c77946.csv,Wind_Klärwerksverbund_Köhlbrandhöft_Dradenau_20150101-20241231_merra2_a6d7f2589a.csv
2530002102_KA_Herrenhausen,PV_2530002102_KA_Herrenhausen_20150101-20241231_merra2_aaef4f714e.csv,Wind_2530002102_KA_Herrenhausen_20150101-20241231_merra2_a6d7f2589a.csv
2530142095_KA_Gümmerwald,PV_2530142095_KA_Gümmerwald_20150101-20241231_merra2_aaef4f714e.csv,Wind_2530142095_KA_Gümmerwald_20150101-20241231_merra2_a6d7f2589a.csv
2550232001_KA_Holzminden,PV_2550232001_KA_Holzminden_20150101-20241231_merra2_466aadda05.csv,Wind_2550232001_KA_Holzminden_20150101-20241231_merra2_a6d7f2589a.csv
3520112001_KA_Cuxhaven,PV_3520112001_KA_Cuxhaven_20150101-20241231_merra2_f2393b5c8e.csv,Wind_3520112001_KA_Cuxhaven_20150101-20241231_merra2_a6d7f2589a.csv
Aachen-Soers,PV_Aachen-Soers_20150101-20241231_merra2_e8b4962e34.csv,Wind_Aachen-Soers_20150101-20241231_merra2_a6d7f2589a.csv
Dortmund-Deusen,PV_Dortmund-Deusen_20150101-20241231_merra2_22f8980d0b.csv,Wind_Dortmund-Deusen_20150101-20241231_merra2_a6d7f2589a.csv
Bottrop,PV_Bottrop_20150101-20241231_merra2_22f8980d0b.csv,Wind_Bottrop_20150101-20241231_merra2_a6d7f2589a.csv
Köln_Stammheim,PV_Köln_Stammheim_20150101-20241231_merra2_567b6ddef7.csv,Wind_Köln_Stammheim_20150101-20241231_merra2_a6d7f2589a.csv
Düsseldorf-Nord,PV_Düsseldorf-Nord_20150101-20241231_merra2_43b14af904.csv,Wind_Düsseldorf-Nord_20150101-20241231_merra2_a6d7f2589a.csv
Krefeld,PV_Krefeld_20150101-20241231_merra2_68f935552f.csv,Wind_Krefeld_20150101-20241231_merra2_a6d7f2589a.csv
Mönchengladbach_GWK_I,PV_Mönchengladbach_GWK_I_20150101-20241231_merra2_664b044967.csv,Wind_Mönchengladbach_GWK_I_20150101-20241231_merra2_a6d7f2589a.csv
Neuss-Ost,PV_Neuss-Ost_20150101-20241231_merra2_664b044967.csv,Wind_Neuss-Ost_20150101-20241231_merra2_a6d7f2589a.csv
Münster-Hauptkläranlage,PV_Münster-Hauptkläranlage_20150101-20241231_merra2_60b618a189.csv,Wind_Münster-Hauptkläranlage_20150101-20241231_merra2_a6d7f2589a.csv
Abwasserverband_Obere_Lutter,PV_Abwasserverband_Obere_Lutter_20150101-20241231_merra2_3644c1cbba.csv,Wind_Abwasserverband_Obere_Lutter_20150101-20241231_merra2_a6d7f2589a.csv
Düren,PV_Düren_20150101-20241231_merra2_e8b4962e34.csv,Wind_Düren_20150101-20241231_merra2_a6d7f2589a.csv
Paderborn_Sande,PV_Paderborn_Sande_20150101-20241231_merra2_0fc64b1b27.csv,Wind_Paderborn_Sande_20150101-20241231_merra2_a6d7f2589a.csv
Düsseldorf-Süd,PV_Düsseldorf-Süd_20150101-20241231_merra2_664b044967.csv,Wind_Düsseldorf-Süd_20150101-20241231_merra2_a6d7f2589a.csv
Wuppertal-Buchenhofen,PV_Wuppertal-Buchenhofen_20150101-20241231_merra2_664b044967.csv,Wind_Wuppertal-Buchenhofen_20150101-20241231_merra2_a6d7f2589a.csv
Duisburg-Kaßlerfeld,PV_Duisburg-Kaßlerfeld_20150101-20241231_merra2_68f935552f.csv,Wind_Duisburg-Kaßlerfeld_20150101-20241231_merra2_a6d7f2589a.csv
Emscherkläranlage,PV_Emscherkläranlage_20150101-20241231_merra2_22f8980d0b.csv,Wind_Emscherkläranlage_20150101-20241231_merra2_a6d7f2589a.csv
Duisburg-Alte_Emscher,PV_Duisburg-Alte_Emscher_20150101-20241231_merra2_22f8980d0b.csv,Wind_Duisburg-Alte_Emscher_20150101-20241231_merra2_a6d7f2589a.csv
Koblenz,PV_Koblenz_20150101-20241231_merra2_92f73bd59e.csv,Wind_Koblenz_20150101-20241231_merra2_a6d7f2589a.csv
Mainz,PV_Mainz_20150101-20241231_merra2_4c80d0bb5f.csv,Wind_Mainz_20150101-20241231_merra2_a6d7f2589a.csv
Trier_Hauptklärwerk,PV_Trier_Hauptklärwerk_20150101-20241231_merra2_45a48e10c0.csv,Wind_Trier_Hauptklärwerk_20150101-20241231_merra2_a6d7f2589a.csv
Hetlingen,PV_Hetlingen_20150101-20241231_merra2_90cf341c59.csv,Wind_Hetlingen_20150101-20241231_merra2_a6d7f2589a.csv
Neumünster,PV_Neumünster_20150101-20241231_merra2_3e394c49d7.csv,Wind_Neumünster_20150101-20241231_merra2_a6d7f2589a.csv
Bitterfeld-Wolfen,PV_Bitterfeld-Wolfen_20150101-20241231_merra2_0fc64b1b27.csv,Wind_Bitterfeld-Wolfen_20150101-20241231_merra2_a6d7f2589a.csv
Halle-Nord,PV_Halle-Nord_20150101-20241231_merra2_22f8980d0b.csv,Wind_Halle-Nord_20150101-20241231_merra2_a6d7f2589a.csv
Schkopau,PV_Schkopau_20150101-20241231_merra2_68f935552f.csv,Wind_Schkopau_20150101-20241231_merra2_a6d7f2589a.csv
MD-Gerwisch,PV_MD-Gerwisch_20150101-20241231_merra2_5d989c5281.csv,Wind_MD-Gerwisch_20150101-20241231_merra2_a6d7f2589a.csv
Lynetten,PV_Lynetten_20150101-20241231_merra2_66fe5cfdc5.csv,Wind_Lynetten_20150101-20241231_merra2_a6d7f2589a.csv
Damhusåen,PV_Damhusåen_20150101-20241231_merra2_66fe5cfdc5.csv,Wind_Damhusåen_20150101-20241231_merra2_a6d7f2589a.csv
SPILDEVANDSCENTER_AVEDØRE,PV_SPILDEVANDSCENTER_AVEDØRE_20150101-20241231_merra2_66fe5cfdc5.csv,Wind_SPILDEVANDSCENTER_AVEDØRE_20150101-20241231_merra2_a6d7f2589a.csv
EJBY_MØLLE_RENSEANLÆG,PV_EJBY_MØLLE_RENSEANLÆG_20150101-20241231_merra2_66fe5cfdc5.csv,Wind_EJBY_MØLLE_RENSEANLÆG_20150101-20241231_merra2_a6d7f2589a.csv
FREDERICIA_CENTRALRENS,PV_FREDERICIA_CENTRALRENS_20150101-20241231_merra2_66fe5cfdc5.csv,Wind_FREDERICIA_CENTRALRENS_20150101-20241231_merra2_a6d7f2589a.csv
Kohtla-Järve_regionaalne_reoveepuhasti,PV_Kohtla-Järve_regionaalne_reoveepuhasti_20150101-20241231_merra2_66fe5cfdc5.csv,Wind_Kohtla-Järve_regionaalne_reoveepuhasti_20150101-20241231_merra2_a6d7f2589a.csv
Tallinna_reoveepuhastusjaam,PV_Tallinna_reoveepuhastusjaam_20150101-20241231_merra2_66fe5cfdc5.csv,Wind_Tallinna_reoveepuhastusjaam_20150101-20241231_merra2_a6d7f2589a.csv
THESSALONIKI,PV_THESSALONIKI_20150101-20241231_merra2_b45483d2b5.csv,Wind_THESSALONIKI_20150101-20241231_merra2_a6d7f2589a.csv
PSYTTALIA,PV_PSYTTALIA_20150101-20241231_merra2_4704d624de.csv,Wind_PSYTTALIA_20150101-20241231_merra2_a6d7f2589a.csv
METAMORPHOSI,PV_METAMORPHOSI_20150101-20241231_merra2_ace8fefad0.csv,Wind_METAMORPHOSI_20150101-20241231_merra2_a6d7f2589a.csv
MONTE_ORGEGIA,PV_MONTE_ORGEGIA_20150101-20241231_merra2_d84a23d990.csv,Wind_MONTE_ORGEGIA_20150101-20241231_merra2_a6d7f2589a.csv
RINCON_DE_LEON,PV_RINCON_DE_LEON_20150101-20241231_merra2_e524009726.csv,Wind_RINCON_DE_LEON_20150101-20241231_merra2_a6d7f2589a.csv
ELX_-_ALGOROS,PV_ELX_-_ALGOROS_20150101-20241231_merra2_14dc923e90.csv,Wind_ELX_-_ALGOROS_20150101-20241231_merra2_a6d7f2589a.csv
EL_BOBAR,PV_EL_BOBAR_20150101-20241231_merra2_6f2c0c9d85.csv,Wind_EL_BOBAR_20150101-20241231_merra2_a6d7f2589a.csv
QUART_-_BENAGER,PV_QUART_-_BENAGER_20150101-20241231_merra2_1638ed9587.csv,Wind_QUART_-_BENAGER_20150101-20241231_merra2_a6d7f2589a.csv
PINEDO_1,PV_PINEDO_1_20150101-20241231_merra2_75de5946c6.csv,Wind_PINEDO_1_20150101-20241231_merra2_a6d7f2589a.csv
PINEDO_2,PV_PINEDO_2_20150101-20241231_merra2_75de5946c6.csv,Wind_PINEDO_2_20150101-20241231_merra2_a6d7f2589a.csv
GUADALETE,PV_GUADALETE_20150101-20241231_merra2_8f4abb1405.csv,Wind_GUADALETE_20150101-20241231_merra2_a6d7f2589a.csv
LA_GOLONDRINA,PV_LA_GOLONDRINA_20150101-20241231_merra2_7c200b6f8d.csv,Wind_LA_GOLONDRINA_20150101-20241231_merra2_a6d7f2589a.csv
GRANADA_SUR,PV_GRANADA_SUR_20150101-20241231_merra2_e3f4f3c7e0.csv,Wind_GRANADA_SUR_20150101-20241231_merra2_a6d7f2589a.csv
HUELVA,PV_HUELVA_20150101-20241231_merra2_e3f4f3c7e0.csv,Wind_HUELVA_20150101-20241231_merra2_a6d7f2589a.csv
BENS_A_CORUÑA,PV_BENS_A_CORUÑA_20150101-20241231_merra2_164424b95e.csv,Wind_BENS_A_CORUÑA_20150101-20241231_merra2_a6d7f2589a.csv
FUENGIROLA,PV_FUENGIROLA_20150101-20241231_merra2_1a652f8e58.csv,Wind_FUENGIROLA_20150101-20241231_merra2_a6d7f2589a.csv
GUADALHORCE,PV_GUADALHORCE_20150101-20241231_merra2_b99774a27d.csv,Wind_GUADALHORCE_20150101-20241231_merra2_a6d7f2589a.csv
SUR,PV_SUR_20150101-20241231_merra2_d7cf0631f1.csv,Wind_SUR_20150101-20241231_merra2_a6d7f2589a.csv
LA_CHINA,PV_LA_CHINA_20150101-20241231_merra2_d7cf0631f1.csv,Wind_LA_CHINA_20150101-20241231_merra2_a6d7f2589a.csv
BUTARQUE,PV_BUTARQUE_20150101-20241231_merra2_d7cf0631f1.csv,Wind_BUTARQUE_20150101-20241231_merra2_a6d7f2589a.csv
VIVEROS_DE_LA_VILLA,PV_VIVEROS_DE_LA_VILLA_20150101-20241231_merra2_8c2730ad5a.csv,Wind_VIVEROS_DE_LA_VILLA_20150101-20241231_merra2_a6d7f2589a.csv
REJAS,PV_REJAS_20150101-20241231_merra2_8c2730ad5a.csv,Wind_REJAS_20150101-20241231_merra2_a6d7f2589a.csv
LA_GAVIA,PV_LA_GAVIA_20150101-20241231_merra2_8cc87e4acd.csv,Wind_LA_GAVIA_20150101-20241231_merra2_a6d7f2589a.csv
ARROYO_CULEBRO_CUENCA_MEDIA_ALTA,PV_ARROYO_CULEBRO_CUENCA_MEDIA_ALTA_20150101-20241231_merra2_d7cf0631f1.csv,Wind_ARROYO_CULEBRO_CUENCA_MEDIA_ALTA_20150101-20241231_merra2_a6d7f2589a.csv
ARROYO_CULEBRO_CUENCA_BAJA,PV_ARROYO_CULEBRO_CUENCA_BAJA_20150101-20241231_merra2_d7cf0631f1.csv,Wind_ARROYO_CULEBRO_CUENCA_BAJA_20150101-20241231_merra2_a6d7f2589a.csv
ARROYO_DEL_SOTO,PV_ARROYO_DEL_SOTO_20150101-20241231_merra2_d7cf0631f1.csv,Wind_ARROYO_DEL_SOTO_20150101-20241231_merra2_a6d7f2589a.csv
ARROYO_DE_LA_VEGA,PV_ARROYO_DE_LA_VEGA_20150101-20241231_merra2_8c2730ad5a.csv,Wind_ARROYO_DE_LA_VEGA_20150101-20241231_merra2_a6d7f2589a.csv
TORREJÓN_DE_ARDOZ,PV_TORREJÓN_DE_ARDOZ_20150101-20241231_merra2_8cc87e4acd.csv,Wind_TORREJÓN_DE_ARDOZ_20150101-20241231_merra2_a6d7f2589a.csv
PALOMARES,PV_PALOMARES_20150101-20241231_merra2_a5b06fb063.csv,Wind_PALOMARES_20150101-20241231_merra2_a6d7f2589a.csv
COPERO,PV_COPERO_20150101-20241231_merra2_a5b06fb063.csv,Wind_COPERO_20150101-20241231_merra2_a6d7f2589a.csv
LA_RANILLA,PV_LA_RANILLA_20150101-20241231_merra2_b1a083edd6.csv,Wind_LA_RANILLA_20150101-20241231_merra2_a6d7f2589a.csv
SAN_JERONIMO,PV_SAN_JERONIMO_20150101-20241231_merra2_b1a083edd6.csv,Wind_SAN_JERONIMO_20150101-20241231_merra2_a6d7f2589a.csv
CARTAGENA_CABEZO_BEAZA,PV_CARTAGENA_CABEZO_BEAZA_20150101-20241231_merra2_67d63df8fd.csv,Wind_CARTAGENA_CABEZO_BEAZA_20150101-20241231_merra2_a6d7f2589a.csv
MAR_MENOR_SUR,PV_MAR_MENOR_SUR_20150101-20241231_merra2_67d63df8fd.csv,Wind_MAR_MENOR_SUR_20150101-20241231_merra2_a6d7f2589a.csv
ARAZURI,PV_ARAZURI_20150101-20241231_merra2_4f434c11f1.csv,Wind_ARAZURI_20150101-20241231_merra2_a6d7f2589a.csv
Crispijana,PV_Crispijana_20150101-20241231_merra2_22bbff71ab.csv,Wind_Crispijana_20150101-20241231_merra2_a6d7f2589a.csv
Loiola,PV_Loiola_20150101-20241231_merra2_262f03df89.csv,Wind_Loiola_20150101-20241231_merra2_a6d7f2589a.csv
Galindo,PV_Galindo_20150101-20241231_merra2_262f03df89.csv,Wind_Galindo_20150101-20241231_merra2_a6d7f2589a.csv
LOGROÑO,PV_LOGROÑO_20150101-20241231_merra2_afebd23a41.csv,Wind_LOGROÑO_20150101-20241231_merra2_a6d7f2589a.csv
ZARAGOZA_LA_CARTUJA,PV_ZARAGOZA_LA_CARTUJA_20150101-20241231_merra2_fb4b213c8b.csv,Wind_ZARAGOZA_LA_CARTUJA_20150101-20241231_merra2_a6d7f2589a.csv
GIJON_OESTE,PV_GIJON_OESTE_20150101-20241231_merra2_29a7b1e5d0.csv,Wind_GIJON_OESTE_20150101-20241231_merra2_a6d7f2589a.csv
VILLAPEREZ,PV_VILLAPEREZ_20150101-20241231_merra2_164424b95e.csv,Wind_VILLAPEREZ_20150101-20241231_merra2_a6d7f2589a.csv
PALMA_II,PV_PALMA_II_20150101-20241231_merra2_06947320cb.csv,Wind_PALMA_II_20150101-20241231_merra2_a6d7f2589a.csv
PALMA_I,PV_PALMA_I_20150101-20241231_merra2_1638ed9587.csv,Wind_PALMA_I_20150101-20241231_merra2_a6d7f2589a.csv
SAN_PANTALEON,PV_SAN_PANTALEON_20150101-20241231_merra2_2b4023284b.csv,Wind_SAN_PANTALEON_20150101-20241231_merra2_a6d7f2589a.csv
SAN_ROMÁN,PV_SAN_ROMÁN_20150101-20241231_merra2_2b4023284b.csv,Wind_SAN_ROMÁN_20150101-20241231_merra2_a6d7f2589a.csv
VUELTA_OSTRERA,PV_VUELTA_OSTRERA_20150101-20241231_merra2_164424b95e.csv,Wind_VUELTA_OSTRERA_20150101-20241231_merra2_a6d7f2589a.csv
BURGOS,PV_BURGOS_20150101-20241231_merra2_f789d74f1b.csv,Wind_BURGOS_20150101-20241231_merra2_a6d7f2589a.csv
LEON,PV_LEON_20150101-20241231_merra2_a91a5be34d.csv,Wind_LEON_20150101-20241231_merra2_a6d7f2589a.csv
SALAMANCA,PV_SALAMANCA_20150101-20241231_merra2_a542c095cd.csv,Wind_SALAMANCA_20150101-20241231_merra2_a6d7f2589a.csv
VALLADOLID,PV_VALLADOLID_20150101-20241231_merra2_fb4b213c8b.csv,Wind_VALLADOLID_20150101-20241231_merra2_a6d7f2589a.csv
ALCAZAR_DE_SAN_JUAN-CAMPO_DE_CRIPTANA,PV_ALCAZAR_DE_SAN_JUAN-CAMPO_DE_CRIPTANA_20150101-20241231_merra2_75de5946c6.csv,Wind_ALCAZAR_DE_SAN_JUAN-CAMPO_DE_CRIPTANA_20150101-20241231_merra2_a6d7f2589a.csv
LLAGOSTA_LA,PV_LLAGOSTA_LA_20150101-20241231_merra2_932a0cca2d.csv,Wind_LLAGOSTA_LA_20150101-20241231_merra2_a6d7f2589a.csv
MONTCADA,PV_MONTCADA_20150101-20241231_merra2_932a0cca2d.csv,Wind_MONTCADA_20150101-20241231_merra2_a6d7f2589a.csv
PRAT_DE_LLOBREGAT_EL,PV_PRAT_DE_LLOBREGAT_EL_20150101-20241231_merra2_0590dda631.csv,Wind_PRAT_DE_LLOBREGAT_EL_20150101-20241231_merra2_a6d7f2589a.csv
SANT_FELIU_DE_LLOBREGAT,PV_SANT_FELIU_DE_LLOBREGAT_20150101-20241231_merra2_389cfb5f4e.csv,Wind_SANT_FELIU_DE_LLOBREGAT_20150101-20241231_merra2_a6d7f2589a.csv
TP_36_of_Helsingin_kt,PV_TP_36_of_Helsingin_kt_20150101-20241231_merra2_66fe5cfdc5.csv,Wind_TP_36_of_Helsingin_kt_20150101-20241231_merra2_a6d7f2589a.csv
TP_101_of_Helsingin_kt,PV_TP_101_of_Helsingin_kt_20150101-20241231_merra2_66fe5cfdc5.csv,Wind_TP_101_of_Helsingin_kt_20150101-20241231_merra2_a6d7f2589a.csv
LILLE-MARQUETTE-LEZ-LILLE,PV_LILLE-MARQUETTE-LEZ-LILLE_20150101-20241231_merra2_5f797a9ee1.csv,Wind_LILLE-MARQUETTE-LEZ-LILLE_20150101-20241231_merra2_a6d7f2589a.csv
MAXEVILLE,PV_MAXEVILLE_20150101-20241231_merra2_d7147aef93.csv,Wind_MAXEVILLE_20150101-20241231_merra2_a6d7f2589a.csv
METZ,PV_METZ_20150101-20241231_merra2_518e9398da.csv,Wind_METZ_20150101-20241231_merra2_a6d7f2589a.csv
STRASBOURG_-_LA_WANTZENAU,PV_STRASBOURG_-_LA_WANTZENAU_20150101-20241231_merra2_cb478c541d.csv,Wind_STRASBOURG_-_LA_WANTZENAU_20150101-20241231_merra2_a6d7f2589a.csv
SAUSHEIM,PV_SAUSHEIM_20150101-20241231_merra2_07b5335b00.csv,Wind_SAUSHEIM_20150101-20241231_merra2_a6d7f2589a.csv
MONDEVILLE,PV_MONDEVILLE_20150101-20241231_merra2_fe09ef0dd2.csv,Wind_MONDEVILLE_20150101-20241231_merra2_a6d7f2589a.csv
REIMS,PV_REIMS_20150101-20241231_merra2_71847e0d00.csv,Wind_REIMS_20150101-20241231_merra2_a6d7f2589a.csv
LE_HAVRE,PV_LE_HAVRE_20150101-20241231_merra2_6d3c9cd668.csv,Wind_LE_HAVRE_20150101-20241231_merra2_a6d7f2589a.csv
ROUEN,PV_ROUEN_20150101-20241231_merra2_cd3819f6b5.csv,Wind_ROUEN_20150101-20241231_merra2_a6d7f2589a.csv
PARIS_SEINE_AVAL,PV_PARIS_SEINE_AVAL_20150101-20241231_merra2_c2d7a3cf3a.csv,Wind_PARIS_SEINE_AVAL_20150101-20241231_merra2_a6d7f2589a.csv
CARRE_DE_REUNION,PV_CARRE_DE_REUNION_20150101-20241231_merra2_c6311ba2b1.csv,Wind_CARRE_DE_REUNION_20150101-20241231_merra2_a6d7f2589a.csv
PARIS_SEINE_GRÉSILLONS,PV_PARIS_SEINE_GRÉSILLONS_20150101-20241231_merra2_c2d7a3cf3a.csv,Wind_PARIS_SEINE_GRÉSILLONS_20150101-20241231_merra2_a6d7f2589a.csv
PARIS_SEINE-CENTRE,PV_PARIS_SEINE-CENTRE_20150101-20241231_merra2_de931062bf.csv,Wind_PARIS_SEINE-CENTRE_20150101-20241231_merra2_a6d7f2589a.csv
PARIS_MARNE_AVAL,PV_PARIS_MARNE_AVAL_20150101-20241231_merra2_de931062bf.csv,Wind_PARIS_MARNE_AVAL_20150101-20241231_merra2_a6d7f2589a.csv
PARIS_SEINE-AMONT,PV_PARIS_SEINE-AMONT_20150101-20241231_merra2_c6311ba2b1.csv,Wind_PARIS_SEINE-AMONT_20150101-20241231_merra2_a6d7f2589a.csv
NEUVILLE_SUR_OISE,PV_NEUVILLE_SUR_OISE_20150101-20241231_merra2_c2d7a3cf3a.csv,Wind_NEUVILLE_SUR_OISE_20150101-20241231_merra2_a6d7f2589a.csv
RENNES,PV_RENNES_20150101-20241231_merra2_d96d7cca0e.csv,Wind_RENNES_20150101-20241231_merra2_a6d7f2589a.csv
TOURS_LA_RICHE_LA_GRANGE_DAVID,PV_TOURS_LA_RICHE_LA_GRANGE_DAVID_20150101-20241231_merra2_32bd51aa00.csv,Wind_TOURS_LA_RICHE_LA_GRANGE_DAVID_20150101-20241231_merra2_a6d7f2589a.csv
NANTES_1-TOUGAS,PV_NANTES_1-TOUGAS_20150101-20241231_merra2_eb3d1b34bd.csv,Wind_NANTES_1-TOUGAS_20150101-20241231_merra2_a6d7f2589a.csv
LMM_LE_MANS_-_LA_CHAUVINIÈRE,PV_LMM_LE_MANS_-_LA_CHAUVINIÈRE_20150101-20241231_merra2_d2db9f839f.csv,Wind_LMM_LE_MANS_-_LA_CHAUVINIÈRE_20150101-20241231_merra2_a6d7f2589a.csv
TOULOUSE_GINESTOUS,PV_TOULOUSE_GINESTOUS_20150101-20241231_merra2_29a7b1e5d0.csv,Wind_TOULOUSE_GINESTOUS_20150101-20241231_merra2_a6d7f2589a.csv
BEGLES_CLOS_DE_HILDE,PV_BEGLES_CLOS_DE_HILDE_20150101-20241231_merra2_f9521f51cc.csv,Wind_BEGLES_CLOS_DE_HILDE_20150101-20241231_merra2_a6d7f2589a.csv
DIJON,PV_DIJON_20150101-20241231_merra2_7db14877e1.csv,Wind_DIJON_20150101-20241231_merra2_a6d7f2589a.csv
MAERA_EX_CEREIREDE,PV_MAERA_EX_CEREIREDE_20150101-20241231_merra2_29a7b1e5d0.csv,Wind_MAERA_EX_CEREIREDE_20150101-20241231_merra2_a6d7f2589a.csv
GRENOBLE_AQUAPOLE,PV_GRENOBLE_AQUAPOLE_20150101-20241231_merra2_d4c35c7cda.csv,Wind_GRENOBLE_AQUAPOLE_20150101-20241231_merra2_a6d7f2589a.csv
LYON_-_PIERRE_BÉNITE,PV_LYON_-_PIERRE_BÉNITE_20150101-20241231_merra2_1fe6a0073e.csv,Wind_LYON_-_PIERRE_BÉNITE_20150101-20241231_merra2_a6d7f2589a.csv
LYON_-_SAINT_FONS,PV_LYON_-_SAINT_FONS_20150101-20241231_merra2_1fe6a0073e.csv,Wind_LYON_-_SAINT_FONS_20150101-20241231_merra2_a6d7f2589a.csv
FERNEY-VOLTAIRE_-_AIRE_2,PV_FERNEY-VOLTAIRE_-_AIRE_2_20150101-20241231_merra2_704f15d101.csv,Wind_FERNEY-VOLTAIRE_-_AIRE_2_20150101-20241231_merra2_a6d7f2589a.csv
AÏRE_SUISSE,PV_AÏRE_SUISSE_20150101-20241231_merra2_704f15d101.csv,Wind_AÏRE_SUISSE_20150101-20241231_merra2_a6d7f2589a.csv
Rijeka-Delta,PV_Rijeka-Delta_20150101-20241231_merra2_d4c35c7cda.csv,Wind_Rijeka-Delta_20150101-20241231_merra2_a6d7f2589a.csv
Zagreb,PV_Zagreb_20150101-20241231_merra2_0cad142a45.csv,Wind_Zagreb_20150101-20241231_merra2_a6d7f2589a.csv
Budapest_Csepel_Kp_szvtp_-_Szennyviztisztito_Telep,PV_Budapest_Csepel_Kp_szvtp_-_Szennyviztisztito_Telep_20150101-20241231_merra2_32bd51aa00.csv,Wind_Budapest_Csepel_Kp_szvtp_-_Szennyviztisztito_Telep_20150101-20241231_merra2_a6d7f2589a.csv
Miskolc_-_Szennyviztisztito_Telep,PV_Miskolc_-_Szennyviztisztito_Telep_20150101-20241231_merra2_d96d7cca0e.csv,Wind_Miskolc_-_Szennyviztisztito_Telep_20150101-20241231_merra2_a6d7f2589a.csv
Pecs_-_Szennyviztisztito_Telep,PV_Pecs_-_Szennyviztisztito_Telep_20150101-20241231_merra2_e2ae8c2f45.csv,Wind_Pecs_-_Szennyviztisztito_Telep_20150101-20241231_merra2_a6d7f2589a.csv
Budapest_Eszak_Pest_-_Szennyviztisztito_Telep,PV_Budapest_Eszak_Pest_-_Szennyviztisztito_Telep_20150101-20241231_merra2_903d65181f.csv,Wind_Budapest_Eszak_Pest_-_Szennyviztisztito_Telep_20150101-20241231_merra2_a6d7f2589a.csv
Debrecen_-_Szennyviztisztito_Telep,PV_Debrecen_-_Szennyviztisztito_Telep_20150101-20241231_merra2_3b94e5c316.csv,Wind_Debrecen_-_Szennyviztisztito_Telep_20150101-20241231_merra2_a6d7f2589a.csv
Gyor_-_Szennyviztisztito_Telep,PV_Gyor_-_Szennyviztisztito_Telep_20150101-20241231_merra2_b580b5a525.csv,Wind_Gyor_-_Szennyviztisztito_Telep_20150101-20241231_merra2_a6d7f2589a.csv
Cork_city,PV_Cork_city_20150101-20241231_merra2_3644c1cbba.csv,Wind_Cork_city_20150101-20241231_merra2_a6d7f2589a.csv
Ringsend,PV_Ringsend_20150101-20241231_merra2_0ab78f665d.csv,Wind_Ringsend_20150101-20241231_merra2_a6d7f2589a.csv
Cossato_Spolina,PV_Cossato_Spolina_20150101-20241231_merra2_82bc1fd638.csv,Wind_Cossato_Spolina_20150101-20241231_merra2_a6d7f2589a.csv
Castiglione,PV_Castiglione_20150101-20241231_merra2_0d28724238.csv,Wind_Castiglione_20150101-20241231_merra2_a6d7f2589a.csv
Dp01209001_Lonate_Pozzolo,PV_Dp01209001_Lonate_Pozzolo_20150101-20241231_merra2_1be69779c8.csv,Wind_Dp01209001_Lonate_Pozzolo_20150101-20241231_merra2_a6d7f2589a.csv
Dp01514601_Milano_Nosedo,PV_Dp01514601_Milano_Nosedo_20150101-20241231_merra2_1755f79552.csv,Wind_Dp01514601_Milano_Nosedo_20150101-20241231_merra2_a6d7f2589a.csv
